Ticker,Security,SEC filings,GICS?Sector,GICS Sub Industry,Address of Headquarters,Date first added,CIK
AMZN,Amazon.com Inc,reports,Consumer Discretionary,Internet Retail,"Seattle, Washington",,1018724
AN,AutoNation Inc,reports,Consumer Discretionary,Specialty Stores,"Fort Lauderdale, Florida",,350698
AZO,AutoZone Inc,reports,Consumer Discretionary,Specialty Stores,"Memphis, Tennessee",,866787
BBBY,Bed Bath & Beyond,reports,Consumer Discretionary,Specialty Stores,"Union, New Jersey",,886158
BBY,Best Buy Co. Inc.,reports,Consumer Discretionary,Computer & Electronics Retail,"Richfield, Minnesota",,764478
BWA,BorgWarner,reports,Consumer Discretionary,Auto Parts & Equipment,"Auburn Hills, Michigan",12/16/2011,908255
CVC,Cablevision Systems Corp.,reports,Consumer Discretionary,Broadcasting & Cable TV,"Bethpage, New York",,1053112
KMX,Carmax Inc,reports,Consumer Discretionary,Specialty Stores,"Richmond, Virginia",,1170010
CCL,Carnival Corp.,reports,Consumer Discretionary,"Hotels, Resorts & Cruise Lines","Miami, Florida",,815097
CBS,CBS Corp.,reports,Consumer Discretionary,Broadcasting & Cable TV,"New York, New York",9/1/1994,813828
CMG,Chipotle Mexican Grill,reports,Consumer Discretionary,Restaurants,"Denver, Colorado",,1058090
COH,Coach Inc.,reports,Consumer Discretionary,"Apparel, Accessories & Luxury Goods","New York, New York",,1116132
CMCSA,Comcast Corp.,reports,Consumer Discretionary,Broadcasting & Cable TV,"Philadelphia, Pennsylvania",,1166691
DHI,D. R. Horton,reports,Consumer Discretionary,Construction,"Fort Worth, Texas",,882184
DRI,Darden Restaurants,reports,Consumer Discretionary,Restaurants,"Orlando, Florida",,940944
DLPH,Delphi Automotive,reports,Consumer Discretionary,Auto Parts & Equipment,"Gillingham, Kent,United Kingdom",12/24/2012,1521332
DTV,DirecTV,reports,Consumer Discretionary,Broadcasting & Cable TV,"El Segundo, California",,1465112
DISCA,Discovery Communications-A,reports,Consumer Discretionary,Broadcasting & Cable TV,"Silver Spring, Maryland",,1437107
DISCK,Discovery Communications-C,reports,Consumer Discretionary,Broadcasting & Cable TV,"Silver Spring, Maryland",8/6/2014,1437107
DG,Dollar General,reports,Consumer Discretionary,General Merchandise Stores,"Goodlettsville, Tennessee",12/3/2012,29534
DLTR,Dollar Tree,reports,Consumer Discretionary,General Merchandise Stores,"Chesapeake, Virginia",12/16/2011,935703
EXPE,Expedia Inc.,reports,Consumer Discretionary,"Hotels, Resorts & Cruise Lines","Bellevue, Washington",,1324424
FDO,Family Dollar Stores,reports,Consumer Discretionary,General Merchandise Stores,"Matthews, North Carolina",,34408
F,Ford Motor,reports,Consumer Discretionary,Automobile Manufacturers,"Dearborn, Michigan",,37996
FOSL,"Fossil, Inc.",reports,Consumer Discretionary,"Apparel, Accessories & Luxury Goods","Richardson, Texas",,883569
GME,GameStop Corp.,reports,Consumer Discretionary,Specialty Stores,"Grapevine, Texas",,1326380
GCI,Gannett Co.,reports,Consumer Discretionary,Publishing,"McLean, Virginia",12/31/1975,39899
GPS,Gap (The),reports,Consumer Discretionary,Apparel Retail,"San Francisco, California",8/31/1986,39911
GRMN,Garmin Ltd.,reports,Consumer Discretionary,Consumer Electronics,"Schaffhausen, Switzerland",12/12/2012,1121788
GM,General Motors,reports,Consumer Discretionary,Automobile Manufacturers,"Detroit, Michigan",6/6/2013,1467858
GPC,Genuine Parts,reports,Consumer Discretionary,Specialty Stores,"Atlanta, Georgia",12/31/1973,40987
GT,Goodyear Tire & Rubber,reports,Consumer Discretionary,Tires & Rubber,"Akron, Ohio",,42582
HOG,Harley-Davidson,reports,Consumer Discretionary,Motorcycle Manufacturers,"Milwaukee, Wisconsin",,793952
HAR,Harman Int'l Industries,reports,Consumer Discretionary,Consumer Electronics,"Stamford, Connecticut",,800459
HAS,Hasbro Inc.,reports,Consumer Discretionary,Leisure Products,"Pawtucket, Rhode Island",9/30/1984,46080
HD,Home Depot,reports,Consumer Discretionary,Home Improvement Retail,"Cobb County, Georgia",3/31/1988,354950
IPG,Interpublic Group,reports,Consumer Discretionary,Advertising,"New York, New York",10/1/1992,51644
JCI,Johnson Controls,reports,Consumer Discretionary,Auto Parts & Equipment,"Milwaukee, Wisconsin",5/31/1986,53669
KSS,Kohl's Corp.,reports,Consumer Discretionary,General Merchandise Stores,"Menomonee Falls, Wisconsin",,885639
LB,L Brands Inc.,reports,Consumer Discretionary,Apparel Retail,"Columbus, Ohio",9/30/1983,701985
LEN,Lennar Corp.,reports,Consumer Discretionary,Homebuilding,"Miami, Florida",,920760
LOW,Lowe's Cos.,reports,Consumer Discretionary,Home Improvement Retail,"Mooresville, North Carolina",2/29/1984,60667
M,Macy's Inc.,reports,Consumer Discretionary,Department Stores,"Cincinnati, Ohio",,794367
MAR,Marriott Int'l.,reports,Consumer Discretionary,"Hotels, Resorts & Cruise Lines","Bethesda, Maryland",,1048286
MAT,Mattel Inc.,reports,Consumer Discretionary,Leisure Products,"El Segundo, California",3/31/1982,63276
MCD,McDonald's Corp.,reports,Consumer Discretionary,Restaurants,"Oak Brook, Illinois",6/30/1970,63908
MHK,Mohawk Industries,reports,Consumer Discretionary,Home Furnishings,"Amsterdam, New York",,851968
NWL,Newell Rubbermaid Co.,reports,Consumer Discretionary,Housewares & Specialties,"Sandy Springs, Georgia",4/30/1989,814453
NWSA,News Corporation,reports,Consumer Discretionary,Publishing,"New York, New York",,1564708
NKE,NIKE Inc.,reports,Consumer Discretionary,"Apparel, Accessories & Luxury Goods","Washington County, Oregon",11/30/1988,320187
JWN,Nordstrom,reports,Consumer Discretionary,Department Stores,"Seattle, Washington",8/31/1986,72333
KORS,Michael Kors,reports,Consumer Discretionary,"Apparel, Accessories & Luxury Goods","New York, New York",,1530721
ORLY,O'Reilly Automotive,reports,Consumer Discretionary,Specialty Stores,"Springfield, Missouri",,898173
OMC,Omnicom Group,reports,Consumer Discretionary,Advertising,"New York, New York",,29989
PETM,"PetSmart, Inc.",reports,Consumer Discretionary,Specialty Stores,"Phoenix, Arizona",10/10/2012,863157
RL,Polo Ralph Lauren Corp.,reports,Consumer Discretionary,"Apparel, Accessories & Luxury Goods","New York, New York",,1037038
PCLN,Priceline.com Inc,reports,Consumer Discretionary,"Hotels, Resorts & Cruise Lines","Norwalk, Connecticut",,1075531
PHM,Pulte Homes Inc.,reports,Consumer Discretionary,Homebuilding,"Bloomfield Hills, Michigan",4/30/1984,822416
PVH,PVH Corp.,reports,Consumer Discretionary,"Apparel, Accessories & Luxury Goods","New York, New York",2/15/2013,78239
ROST,Ross Stores,reports,Consumer Discretionary,Apparel Retail,"Pleasanton, California",,745732
SNI,Scripps Networks Interactive Inc.,reports,Consumer Discretionary,Broadcasting & Cable TV,"Cincinnati, Ohio",,1430602
SNA,Snap-On Inc.,reports,Consumer Discretionary,Household Appliances,"Kenosha, Wisconsin",9/30/1982,91440
SWK,Stanley Black & Decker,reports,Consumer Discretionary,Household Appliances,"New Britain, Connecticut",9/30/1982,93556
SPLS,Staples Inc.,reports,Consumer Discretionary,Specialty Stores,"Framingham, Massachusetts",,791519
SBUX,Starbucks Corp.,reports,Consumer Discretionary,Restaurants,"Seattle, Washington",,829224
HOT,Starwood Hotels & Resorts,reports,Consumer Discretionary,"Hotels, Resorts & Cruise Lines","White Plains, New York",,316206
TGT,Target Corp.,reports,Consumer Discretionary,General Merchandise Stores,"Minneapolis, Minnesota",12/31/1976,27419
TIF,Tiffany & Co.,reports,Consumer Discretionary,"Apparel, Accessories & Luxury Goods","New York, New York",,98246
TWX,Time Warner Inc.,reports,Consumer Discretionary,Broadcasting & Cable TV,"New York, New York",,1105705
TWC,Time Warner Cable Inc.,reports,Consumer Discretionary,Broadcasting & Cable TV,"New York, New York",,1377013
TJX,TJX Companies Inc.,reports,Consumer Discretionary,Apparel Retail,"Framingham, Massachusetts",9/30/1985,109198
TSCO,Tractor Supply Company,reports,Consumer Discretionary,Specialty Retail,"Brentwood, Tennessee",,916365
TRIP,TripAdvisor,reports,Consumer Discretionary,Internet Retail,"Newton, Massachusetts",,1526520
FOXA,Twenty-First Century Fox,reports,Consumer Discretionary,Publishing,"New York, New York",7/1/2013,1308161
UA,Under Armour,reports,Consumer Discretionary,"Apparel, Accessories & Luxury Goods","Baltimore, Maryland",,1336917
URBN,Urban Outfitters,reports,Consumer Discretionary,Apparel Retail,"Philadelphia, Pennsylvania",,912615
VFC,V.F. Corp.,reports,Consumer Discretionary,"Apparel, Accessories & Luxury Goods","Greensboro, North Carolina",6/30/1979,103379
VIAB,Viacom Inc.,reports,Consumer Discretionary,Broadcasting & Cable TV,"New York, New York",,1339947
DIS,The Walt Disney Company,reports,Consumer Discretionary,Broadcasting & Cable TV,"Burbank, California",6/30/1976,1001039
WHR,Whirlpool Corp.,reports,Consumer Discretionary,Household Appliances,"Benton Harbor, Michigan",,106640
WYN,Wyndham Worldwide,reports,Consumer Discretionary,"Hotels, Resorts & Cruise Lines","Parsippany, New Jersey",,1361658
WYNN,Wynn Resorts Ltd,reports,Consumer Discretionary,Casinos & Gaming,"Las Vegas, Nevada",,1174922
YUM,Yum! Brands Inc,reports,Consumer Discretionary,Restaurants,"Louisville, Kentucky",,1041061
MO,Altria Group Inc,reports,Consumer Staples,Tobacco,"Richmond, Virginia",,764180
ADM,Archer-Daniels-Midland Co,reports,Consumer Staples,Agricultural Products,"Decatur, Illinois",7/29/1981,7084
AVP,Avon Products,reports,Consumer Staples,Personal Products,"New York, New York",6/30/1967,8868
BF-B,Brown-Forman Corporation,reports,Consumer Staples,Distillers & Vintners,"Louisville, Kentucky",10/31/1982,14693
CPB,Campbell Soup,reports,Consumer Staples,Packaged Foods & Meats,"Camden, New Jersey",,16732
CLX,The Clorox Company,reports,Consumer Staples,Household Products,"Oakland, California",3/31/1969,21076
KO,The Coca Cola Company,reports,Consumer Staples,Soft Drinks,"Atlanta, Georgia",,21344
CCE,Coca-Cola Enterprises,reports,Consumer Staples,Soft Drinks,"Atlanta, Georgia",,1491675
CL,Colgate-Palmolive,reports,Consumer Staples,Household Products,"New York, New York",,21665
CAG,ConAgra Foods Inc.,reports,Consumer Staples,Packaged Foods & Meats,"Omaha, Nebraska",8/31/1983,23217
STZ,Constellation Brands,reports,Consumer Staples,Distillers & Vintners,"Victor, New York",,16918
COST,Costco Co.,reports,Consumer Staples,Hypermarkets & Super Centers,"Issaquah, Washington",10/1/1993,909832
CVS,CVS Caremark Corp.,reports,Consumer Staples,Drug Retail,"Woonsocket, Rhode Island",,64803
DPS,Dr Pepper Snapple Group,reports,Consumer Staples,Soft Drinks,"Plano, Texas",,1418135
EL,Estee Lauder Cos.,reports,Consumer Staples,Personal Products,"New York, New York",,1001250
GIS,General Mills,reports,Consumer Staples,Packaged Foods & Meats,"Golden Valley, Minnesota",3/31/1969,40704
HRL,Hormel Foods Corp.,reports,Consumer Staples,Packaged Foods & Meats,"Austin, Minnesota",,48465
K,Kellogg Co.,reports,Consumer Staples,Packaged Foods & Meats,"Battle Creek, Michigan",,55067
GMCR,Keurig Green Mountain,reports,Consumer Staples,Packaged Foods & Meats,"Waterbury, Vermont",,909954
KMB,Kimberly-Clark,reports,Consumer Staples,Household Products,"Irving, Texas",,55785
KRFT,Kraft Foods Group,reports,Consumer Staples,Packaged Foods & Meats,"Northfield, Illinois",10/2/2012,1545158
KR,Kroger Co.,reports,Consumer Staples,Food Retail,"Cincinnati, Ohio",,56873
LO,Lorillard Inc.,reports,Consumer Staples,Tobacco,"Greensboro, North Carolina",,1424847
MKC,McCormick & Co.,reports,Consumer Staples,Packaged Foods & Meats,"Sparks, Maryland",,63754
MJN,Mead Johnson,reports,Consumer Staples,Packaged Foods & Meats,"Glenview, Illinois",,1452575
TAP,Molson Coors Brewing Company,reports,Consumer Staples,Brewers,"Denver, Colorado",6/30/1976,24545
MDLZ,Mondelez International,reports,Consumer Staples,Packaged Foods & Meats,"Northfield, Illinois",10/2/2012,1103982
MNST,Monster Beverage,reports,Consumer Staples,Soft Drinks,"Corona, California",6/28/2012,865752
PEP,PepsiCo Inc.,reports,Consumer Staples,Soft Drinks,"Purchase, New York",,77476
PM,Philip Morris International,reports,Consumer Staples,Tobacco,"New York, New York",,1413329
PG,Procter & Gamble,reports,Consumer Staples,Personal Products,"Cincinnati, Ohio",,80424
RAI,Reynolds American Inc.,reports,Consumer Staples,Tobacco,"Winston-Salem, North Carolina",,1275283
SWY,Safeway Inc.,reports,Consumer Staples,Food Retail,"Pleasanton, California",,86144
SJM,Smucker (J.M.),reports,Consumer Staples,Packaged Foods & Meats,"Orrville, Ohio",,91419
SYY,Sysco Corp.,reports,Consumer Staples,Food Distributors,"Houston, Texas",12/31/1986,96021
HSY,The Hershey Company,reports,Consumer Staples,Packaged Foods & Meats,"Hershey, Pennsylvania",,47111
TSN,Tyson Foods,reports,Consumer Staples,Packaged Foods & Meats,"Springdale, Arkansas",,100493
WMT,Wal-Mart Stores,reports,Consumer Staples,Hypermarkets & Super Centers,"Bentonville, Arkansas",8/31/1982,104169
WAG,Walgreen Co.,reports,Consumer Staples,Drug Retail,"Deerfield, Illinois",12/31/1979,104207
WFM,Whole Foods Market,reports,Consumer Staples,Food Retail,"Austin, Texas",,865436
APC,Anadarko Petroleum Corp,reports,Energy,Oil & Gas Exploration & Production,"The Woodlands, Texas",,773910
APA,Apache Corporation,reports,Energy,Oil & Gas Exploration & Production,"Houston, Texas",,6769
BHI,Baker Hughes Inc,reports,Energy,Oil & Gas Equipment & Services,"Houston, Texas",,808362
COG,Cabot Oil & Gas,reports,Energy,Oil & Gas Exploration & Production,"Houston, Texas",,858470
CAM,Cameron International Corp.,reports,Energy,Oil & Gas Equipment & Services,"Houston, Texas",,941548
CHK,Chesapeake Energy,reports,Energy,Integrated Oil & Gas,"Oklahoma City, Oklahoma",,895126
CVX,Chevron Corp.,reports,Energy,Integrated Oil & Gas,"San Ramon, California",,93410
XEC,Cimarex Energy,reports,Energy,Oil & Gas Exploration & Production,"Denver, Colorado",6/21/2014,1168054
COP,ConocoPhillips,reports,Energy,Oil & Gas Exploration & Production,"Houston, Texas",,1163165
CNX,CONSOL Energy Inc.,reports,Energy,Coal & Consumable Fuels,"Cecil Township, Pennsylvania",,1070412
DNR,Denbury Resources Inc.,reports,Energy,Oil & Gas Exploration & Production,"Plano, Texas",,945764
DVN,Devon Energy Corp.,reports,Energy,Oil & Gas Exploration & Production,"Oklahoma City, Oklahoma",,1090012
DO,Diamond Offshore Drilling,reports,Energy,Oil & Gas Drilling,"Houston, Texas",,949039
ESV,Ensco plc,reports,Energy,Oil & Gas Drilling,"London, United Kingdom",7/30/2012,314808
EOG,EOG Resources,reports,Energy,Oil & Gas Exploration & Production,"Houston, Texas",,821189
EQT,EQT Corporation,reports,Energy,Oil & Gas Exploration & Production,"Pittsburgh, Pennsylvania",,33213
XOM,Exxon Mobil Corp.,reports,Energy,Integrated Oil & Gas,"Irving, Texas",,34088
FSLR,First Solar Inc,reports,Energy,Heavy Electrical Equipment,"Tempe, Arizona",,1274494
FTI,FMC Technologies Inc.,reports,Energy,Oil & Gas Equipment & Services,"Houston, Texas",,1135152
HAL,Halliburton Co.,reports,Energy,Oil & Gas Equipment & Services,"Houston, Texas",,45012
HP,Helmerich & Payne,reports,Energy,Oil & Gas Drilling,"Tulsa, Oklahoma[5]",,46765
HES,Hess Corporation,reports,Energy,Integrated Oil & Gas,"New York, New York",5/31/1984,4447
KMI,Kinder Morgan,reports,Energy,Oil & Gas Refining & Marketing & Transportation,"Houston, Texas",5/24/2012,1506307
MRO,Marathon Oil Corp.,reports,Energy,Oil & Gas Exploration & Production,"Houston, Texas",5/1/1991,101778
MPC,Marathon Petroleum,reports,Energy,Oil & Gas Refining & Marketing & Transportation,"Findlay, Ohio",,1510295
MUR,Murphy Oil,reports,Energy,Integrated Oil & Gas,"El Dorado, Arkansas",,717423
NBR,Nabors Industries Ltd.,reports,Energy,Oil & Gas Drilling,"Hamilton, Bermuda",,1163739
NOV,National Oilwell Varco Inc.,reports,Energy,Oil & Gas Equipment & Services,"Houston, Texas",,1021860
NFX,Newfield Exploration Co,reports,Energy,Oil & Gas Exploration & Production,"Houston, Texas",,912750
NE,Noble Corp,reports,Energy,Oil & Gas Drilling,"Geneva, Switzerland",,1458891
NBL,Noble Energy Inc,reports,Energy,Oil & Gas Exploration & Production,"Houston, Texas",,72207
OXY,Occidental Petroleum,reports,Energy,Oil & Gas Exploration & Production,"Los Angeles, California",12/31/1982,797468
OKE,ONEOK,reports,Energy,Oil & Gas Exploration & Production,"Tulsa, Oklahoma",,1039684
PSX,Phillips 66,reports,Energy,Oil & Gas Refining & Marketing & Transportation,"Houston, Texas",4/30/2012,1534701
PXD,Pioneer Natural Resources,reports,Energy,Oil & Gas Exploration & Production,"Irving, Texas",,1038357
QEP,QEP Resources,reports,Energy,Oil & Gas Exploration & Production,"Denver, Colorado[7]",,1108827
RRC,Range Resources Corp.,reports,Energy,Oil & Gas Exploration & Production,"Fort Worth, Texas",,315852
SLB,Schlumberger Ltd.,reports,Energy,Oil & Gas Equipment & Services,"Houston, Texas",3/31/1965,87347
SWN,Southwestern Energy,reports,Energy,Oil & Gas Exploration & Production,"Houston, Texas[8]",,7332
SE,Spectra Energy Corp.,reports,Energy,Oil & Gas Refining & Marketing & Transportation,"Houston, Texas",,1373835
TSO,Tesoro Petroleum Co.,reports,Energy,Oil & Gas Refining & Marketing & Transportation,"San Antonio, Texas",,50104
RIG,Transocean,reports,Energy,Oil & Gas Drilling,"Vernier, Switzerland",10/28/2013,1451505
VLO,Valero Energy,reports,Energy,Oil & Gas Refining & Marketing & Transportation,"San Antonio, Texas",,1035002
WMB,Williams Cos.,reports,Energy,Oil & Gas Exploration & Production,"Tulsa, Oklahoma",3/31/1975,107263
ACE,ACE Limited,reports,Financials,Property & Casualty Insurance,"Zurich, Switzerland",,896159
AFL,AFLAC Inc,reports,Financials,Life & Health Insurance,"Columbus, Georgia",,4977
AMG,Affiliated Managers Group Inc,reports,Financials,Asset Management & Custody Banks,"Beverly, Massachusetts",7/1/2014,1004434
ALL,Allstate Corp,reports,Financials,Property & Casualty Insurance,"Northfield Township, Illinois",,899051
AXP,American Express Co,reports,Financials,Consumer Finance,"New York, New York",6/30/1976,4962
AIG,"American International Group, Inc.",reports,Financials,Property & Casualty Insurance,"New York, New York",3/31/1980,5272
AMT,American Tower Corp A,reports,Financials,REITs,"Boston, Massachusetts",,1053507
AMP,Ameriprise Financial,reports,Financials,Diversified Financial Services,"Minneapolis, Minnesota",,820027
AON,Aon plc,reports,Financials,Insurance Brokers,"London,?United Kingdom",,315293
AIV,Apartment Investment & Mgmt,reports,Financials,REITs,"Denver, Colorado",,922864
AIZ,Assurant Inc,reports,Financials,Multi-line Insurance,"New York, New York",,1267238
AVB,"AvalonBay Communities, Inc.",reports,Financials,REITs,"Arlington, Virginia[1]",,915912
BAC,Bank of America Corp,reports,Financials,Banks,"Charlotte, North Carolina",6/30/1976,70858
BK,The Bank of New York Mellon Corp.,reports,Financials,Banks,"New York, New York",,1390777
BBT,BB&T Corporation,reports,Financials,Banks,"Winston-Salem, North Carolina",,92230
BRK-B,Berkshire Hathaway,reports,Financials,Multi-Sector Holdings,"Omaha, Nebraska",,1067983
BLK,BlackRock,reports,Financials,Diversified Financial Services,"New York, New York",,1364742
HRB,Block H&R,reports,Financials,Consumer Finance,"Kansas City, Missouri",11/30/1986,12659
BXP,Boston Properties,reports,Financials,REITs,"Boston, Massachusetts",,1037540
COF,Capital One Financial,reports,Financials,Consumer Finance,"Tysons Corner, Virginia",,927628
CBG,CBRE Group,reports,Financials,Real Estate Management & Development,"Los Angeles, California",,1138118
SCHW,Charles Schwab Corporation,reports,Financials,Diversified Financial Services,"San Francisco, California",,316709
CB,Chubb Corp.,reports,Financials,Property & Casualty Insurance,"Warren, New Jersey",6/30/1976,20171
CINF,Cincinnati Financial,reports,Financials,Property & Casualty Insurance,"Fairfield, Ohio",,20286
C,Citigroup Inc.,reports,Financials,Banks,"New York, New York",5/31/1988,831001
CME,CME Group Inc.,reports,Financials,Diversified Financial Services,"Chicago, Illinois",,1156375
CMA,Comerica Inc.,reports,Financials,Banks,"Dallas, Texas",,28412
CCI,Crown Castle International Corp.,reports,Financials,REITs,"Houston, Texas",,1051470
DFS,Discover Financial Services,reports,Financials,Consumer Finance,"Riverwoods, Illinois",,1393612
ETFC,E-Trade,reports,Financials,Diversified Financial Services,"New York, New York",,1015780
EFX,Equifax Inc.,reports,Financials,Diversified Financial Services,"Atlanta, Georgia",,33185
EQR,Equity Residential,reports,Financials,REITs,"Chicago, Illinois",,906107
ESS,Essex Property Trust Inc,reports,Financials,Residential REITs,"Palo Alto, California",,920522
FITB,Fifth Third Bancorp,reports,Financials,Banks,"Cincinnati, Ohio",,35527
BEN,Franklin Resources,reports,Financials,Diversified Financial Services,"San Mateo, California",,38777
GGP,General Growth Properties Inc.,reports,Financials,REITs,"Chicago, Illinois",12/10/2013,895648
GNW,Genworth Financial Inc.,reports,Financials,Life & Health Insurance,"Richmond, Virginia",,1276520
GS,Goldman Sachs Group,reports,Financials,Diversified Financial Services,"New York, New York",,886982
HIG,Hartford Financial Svc.Gp.,reports,Financials,Property & Casualty Insurance,"Hartford, Connecticut",,874766
HCP,HCP Inc.,reports,Financials,REITs,"Long Beach, California",,765880
HCN,"Health Care REIT, Inc.",reports,Financials,REITs,"Toledo, Ohio[4]",,766704
HST,Host Hotels & Resorts,reports,Financials,REITs,"Bethesda, Maryland",,1070750
HCBK,Hudson City Bancorp,reports,Financials,Banks,"Paramus, New Jersey",,921847
HBAN,Huntington Bancshares,reports,Financials,Banks,"Columbus, Ohio",,49196
ICE,IntercontinentalExchange Inc.,reports,Financials,Diversified Financial Services,"Atlanta, Georgia",,1571949
IVZ,Invesco Ltd.,reports,Financials,Diversified Financial Services,"Atlanta, Georgia",,914208
JPM,JPMorgan Chase & Co.,reports,Financials,Banks,"New York, New York",6/30/1975,19617
KEY,KeyCorp,reports,Financials,Banks,"Cleveland, Ohio",3/1/1994,91576
KIM,Kimco Realty,reports,Financials,REITs,"New Hyde Park, New York",,879101
LM,Legg Mason,reports,Financials,Diversified Financial Services,"Baltimore, Maryland",,704051
LUK,Leucadia National Corp.,reports,Financials,Multi-Sector Holdings,"New York, New York",,96223
LNC,Lincoln National,reports,Financials,Multi-line Insurance,"Radnor, Pennsylvania",6/30/1976,59558
L,Loews Corp.,reports,Financials,Multi-Sector Holdings,"New York, New York",,60086
MTB,M&T Bank Corp.,reports,Financials,Banks,"Buffalo, New York",,36270
MAC,Macerich,reports,Financials,Retail REITs,"Santa Monica, California",5/9/2013,912242
MMC,Marsh & McLennan,reports,Financials,Insurance Brokers,"New York, New York",8/31/1987,62709
MHFI,McGraw Hill Financial,reports,Financials,Diversified Financial Services,"New York, New York",,64040
MET,MetLife Inc.,reports,Financials,Life & Health Insurance,"New York, New York",,1099219
MCO,Moody's Corp,reports,Financials,Diversified Financial Services,"New York, New York",,1059556
MS,Morgan Stanley,reports,Financials,Diversified Financial Services,"New York, New York",,895421
NDAQ,NASDAQ OMX Group,reports,Financials,Diversified Financial Services,"New York, New York",,1120193
NAVI,Navient Corp,reports,Financials,Consumer Finance,"Newark, Delaware",,1084750
NTRS,Northern Trust Corp.,reports,Financials,Diversified Financial Services,"Chicago, Illinois",,73124
PBCT,People's United Bank,reports,Financials,Banks,"Bridgeport, Connecticut",,1378946
PCL,Plum Creek Timber Co.,reports,Financials,REITs,"Seattle, Washington",,849213
PNC,PNC Financial Services,reports,Financials,Banks,"Pittsburgh, Pennsylvania",4/30/1988,713676
PFG,Principal Financial Group,reports,Financials,Diversified Financial Services,"Des Moines, Iowa",,1126328
PGR,Progressive Corp.,reports,Financials,Property & Casualty Insurance,"Mayfield Village, Ohio",,80661
PLD,Prologis,reports,Financials,Diversified Financial Services,"San Francisco, California",,1045609
PRU,Prudential Financial,reports,Financials,Diversified Financial Services,"Newark, New Jersey",,1137774
PSA,Public Storage,reports,Financials,REITs,"Glendale, California",,1393311
RF,Regions Financial Corp.,reports,Financials,Diversified Financial Services,"Birmingham, Alabama",,1281761
SPG,Simon Property Group Inc,reports,Financials,REITs,"Indianapolis, Indiana",,1063761
STT,State Street Corp.,reports,Financials,Diversified Financial Services,"Boston, Massachusetts",,93751
STI,SunTrust Banks,reports,Financials,Banks,"Atlanta, Georgia",5/31/1988,750556
TROW,T. Rowe Price Group,reports,Financials,Diversified Financial Services,"Baltimore, Maryland",,1113169
TRV,The Travelers Companies Inc.,reports,Financials,Property & Casualty Insurance,"New York, New York",,86312
TMK,Torchmark Corp.,reports,Financials,Life & Health Insurance,"McKinney, Texas",4/30/1989,320335
USB,U.S. Bancorp,reports,Financials,Banks,"Minneapolis, Minnesota",,36104
UNM,Unum Group,reports,Financials,Diversified Financial Services,"Chattanooga, Tennessee",3/1/1994,5513
VTR,Ventas Inc,reports,Financials,Diversified Financial Services,"Chicago, Illinois",,740260
VNO,Vornado Realty Trust,reports,Financials,REITs,"New York, New York",,899689
WFC,Wells Fargo,reports,Financials,Banks,"San Francisco, California",6/30/1976,72971
WY,Weyerhaeuser Corp.,reports,Financials,REITs,"Federal Way, Washington",,106535
XL,XL Capital,reports,Financials,Property & Casualty Insurance,"Hamilton, Bermuda",,875159
ZION,Zions Bancorp,reports,Financials,Banks,"Salt Lake City, Utah",,109380
ABT,Abbott Laboratories,reports,Health Care,Health Care Equipment & Services,"North Chicago, Illinois",,1800
ABBV,AbbVie,reports,Health Care,Pharmaceuticals,"North Chicago, Illinois",12/31/2012,1551152
ACT,Actavis plc,reports,Health Care,Pharmaceuticals,"Dublin, Ireland",,884629
AET,Aetna Inc,reports,Health Care,Managed Health Care,"Hartford, Connecticut",6/30/1976,1122304
A,Agilent Technologies Inc,reports,Health Care,Health Care Equipment & Services,"Santa Clara, California",,1090872
ALXN,Alexion Pharmaceuticals,reports,Health Care,Biotechnology,"Cheshire, Connecticut",5/24/2012,899866
AGN,Allergan Inc,reports,Health Care,Pharmaceuticals,"Irvine, California",2/7/1992,850693
ABC,AmerisourceBergen Corp,reports,Health Care,Health Care Distribution & Services,"Chesterbrook, Pennsylvania",,1140859
AMGN,Amgen Inc,reports,Health Care,Biotechnology,"Thousand Oaks, California",1/2/1992,318154
BCR,Bard (C.R.) Inc.,reports,Health Care,Health Care Equipment & Services,"Murray Hill, New Jersey",6/30/1975,9892
BAX,Baxter International Inc.,reports,Health Care,Health Care Equipment & Services,"Deerfield, Illinois",9/30/1972,10456
BDX,Becton Dickinson,reports,Health Care,Health Care Equipment & Services,"Franklin Lakes, New Jersey",9/30/1972,10795
BIIB,BIOGEN IDEC Inc.,reports,Health Care,Biotechnology,"Weston, Massachusetts",,875045
BSX,Boston Scientific,reports,Health Care,Health Care Equipment & Services,"Marlborough, Massachusetts[2]",,885725
BMY,Bristol-Myers Squibb,reports,Health Care,Health Care Distributors & Services,"New York, New York",,14272
CAH,Cardinal Health Inc.,reports,Health Care,Health Care Distributors & Services,"Dublin, Ohio",,721371
CFN,Carefusion,reports,Health Care,Health Care Equipment & Services,"San Diego, California[3]",,1457543
CELG,Celgene Corp.,reports,Health Care,Biotechnology,"Summit, New Jersey",,816284
CERN,Cerner,reports,Health Care,Health Care Distributors & Services,"North Kansas City, Missouri",,804753
CI,CIGNA Corp.,reports,Health Care,Managed Health Care,"Philadelphia, Pennsylvania",6/30/1976,701221
COV,Covidien plc,reports,Health Care,Health Care Equipment & Services,"Dublin, Ireland",,1385187
DVA,DaVita Inc.,reports,Health Care,Health Care Facilities,"Denver, Colorado",,927066
XRAY,Dentsply International,reports,Health Care,Health Care Supplies,"York, Pennsylvania",,818479
EW,Edwards Lifesciences,reports,Health Care,Health Care Equipment & Services,"Irvine, California",,1099800
ESRX,Express Scripts,reports,Health Care,Health Care Distributors & Services,"Cool Valley, Missouri",,1532063
GILD,Gilead Sciences,reports,Health Care,Biotechnology,"Foster City, California",,882095
HSP,Hospira Inc.,reports,Health Care,Health Care Equipment & Services,"Lake Forest, Illinois",,1274057
HUM,Humana Inc.,reports,Health Care,Managed Health Care,"Louisville, Kentucky",,49071
ISRG,Intuitive Surgical Inc.,reports,Health Care,Health Care Equipment & Services,"Sunnyvale, California",,1035267
JNJ,Johnson & Johnson,reports,Health Care,Health Care Equipment & Services,"New Brunswick, New Jersey",6/30/1973,200406
LH,Laboratory Corp. of America Holding,reports,Health Care,Health Care Facilities,"Burlington, North Carolina",,920148
LLY,Lilly (Eli) & Co.,reports,Health Care,Pharmaceuticals,"Indianapolis, Indiana",12/31/1970,59478
MNK,Mallinckrodt plc,[1],Health Care,Pharmaceuticals,"Dublin, Ireland",8/19/2014,1567892
MCK,McKesson Corp.,reports,Health Care,Health Care Distributors & Services,"San Francisco, California",,927653
MDT,Medtronic Inc.,reports,Health Care,Health Care Equipment & Services,"Fridley, Minnesota",10/31/1986,64670
MRK,Merck & Co.,reports,Health Care,Pharmaceuticals,"Whitehouse Station, New Jersey",,310158
MYL,Mylan Inc.,reports,Health Care,Pharmaceuticals,"Canonsburg, Pennsylvania",,69499
PDCO,Patterson Companies,reports,Health Care,Health Care Supplies,"St. Paul, Minnesota",,891024
PKI,PerkinElmer,reports,Health Care,Health Care Equipment & Services,"Waltham, Massachusetts",5/31/1985,31791
PRGO,Perrigo,reports,Health Care,Pharmaceuticals,"Dublin, Ireland",12/16/2011,1585364
PFE,Pfizer Inc.,reports,Health Care,Pharmaceuticals,"New York, New York",,78003
DGX,Quest Diagnostics,reports,Health Care,Health Care Facilities,"Madison, New Jersey",,1022079
REGN,Regeneron,reports,Health Care,Biotechnology,"Tarrytown, New York",5/1/2013,872589
STJ,St Jude Medical,reports,Health Care,Health Care Equipment & Services,"Little Canada, Minnesota",11/30/1989,203077
SYK,Stryker Corp.,reports,Health Care,Health Care Equipment & Services,"Kalamazoo, Michigan",,310764
THC,Tenet Healthcare Corp.,reports,Health Care,Health Care Facilities,"Dallas, Texas",3/31/1979,70318
TMO,Thermo Fisher Scientific,reports,Health Care,Health Care Equipment & Services,"Waltham, Massachusetts",,97745
UNH,United Health Group Inc.,reports,Health Care,Managed Health Care,"Minnetonka, Minnesota",7/1/1994,731766
UHS,"Universal Health Services, Inc.",reports,Health Care,Health Care Facilities,"King of Prussia, Pennsylvania",9/20/2014,352915
VAR,Varian Medical Systems,reports,Health Care,Health Care Equipment & Services,"Palo Alto, California",,203527
VRTX,Vertex Pharmaceuticals Inc,reports,Health Care,Biotechnology,"Cambridge, Massachusetts",9/20/2013,875320
WAT,Waters Corporation,reports,Health Care,Health Care Distributors & Services,"Milford, Massachusetts",,1000697
WLP,WellPoint Inc.,reports,Health Care,Managed Health Care,"Indianapolis, Indiana",,1156039
ZMH,Zimmer Holdings,reports,Health Care,Health Care Equipment & Services,"Warsaw, Indiana",,1136869
ZTS,Zoetis,reports,Health Care,Pharmaceuticals,"Florham Park, New Jersey",,1555280
ADT,ADT Corp,reports,Industrials,Diversified Commercial Services,"Boca Raton, Florida",10/1/2012,1546640
ALLE,Allegion,reports,Industrials,Building Products,"Dublin, Ireland",12/2/2013,1579241
AME,Ametek,reports,Industrials,Electrical Components and Equipment,"Berwyn, Pennsylvania",9/20/2013,1037868
APH,Amphenol Corp A,reports,Industrials,Electrical Components & Equipment,"Wallingford, Connecticut",,820313
BA,Boeing Company,reports,Industrials,Aerospace & Defense,"Chicago, Illinois",,12927
CHRW,C. H. Robinson Worldwide,reports,Industrials,Air Freight & Logistics,"Eden Prairie, Minnesota",,1043277
CAT,Caterpillar Inc.,reports,Industrials,Construction & Farm Machinery & Heavy Trucks,"Peoria, Illinois",,18230
CTAS,Cintas Corporation,reports,Industrials,Diversified Commercial Services,"Mason, Ohio",,723254
GLW,Corning Inc.,reports,Industrials,Construction & Engineering,"Corning, New York",,24741
CSX,CSX Corp.,reports,Industrials,Railroads,"Jacksonville, Florida",9/30/1967,277948
CMI,Cummins Inc.,reports,Industrials,Industrial Machinery,"Columbus, Indiana",3/31/1965,26172
DHR,Danaher Corp.,reports,Industrials,Industrial Machinery,Washington D.C,,313616
DE,Deere & Co.,reports,Industrials,Construction & Farm Machinery & Heavy Trucks,"Moline, Illinois",,315189
DAL,Delta Air Lines,reports,Industrials,Airlines,"Atlanta, Georgia",9/10/2013,27904
DOV,Dover Corp.,reports,Industrials,Industrial Machinery,"Downers Grove, Illinois",10/31/1985,29905
DNB,Dun & Bradstreet,reports,Industrials,Data Processing Services,"Short Hills, New Jersey",,1115222
ETN,Eaton Corporation,reports,Industrials,Industrial Conglomerates,"Dublin, Ireland",,1551182
EMR,Emerson Electric,reports,Industrials,Industrial Conglomerates,"Ferguson, Missouri",3/31/1965,32604
EXPD,Expeditors Int'l,reports,Industrials,Air Freight & Logistics,"Seattle, Washington",,746515
FAST,Fastenal Co,reports,Industrials,Building Products,"Winona, Minnesota",,815556
FDX,FedEx Corporation,reports,Industrials,Air Freight & Logistics,"Memphis, Tennessee",12/31/1980,1048911
FLIR,FLIR Systems,reports,Industrials,Aerospace & Defense,"Wilsonville, Oregon",,354908
FLS,Flowserve Corporation,reports,Industrials,Industrial Machinery,"Irving, Texas",,30625
FLR,Fluor Corp.,reports,Industrials,Diversified Commercial Services,"Irving, Texas",3/31/1980,1124198
GD,General Dynamics,reports,Industrials,Aerospace & Defense,"Falls Church, Virginia",,40533
GE,General Electric,reports,Industrials,Industrial Conglomerates,"Fairfield, Connecticut",,40545
GWW,Grainger (W.W.) Inc.,reports,Industrials,Industrial Materials,"Lake Forest, Illinois",6/30/1981,277135
HON,Honeywell Int'l Inc.,reports,Industrials,Industrial Conglomerates,"Morristown, New Jersey",,773840
ITW,Illinois Tool Works,reports,Industrials,Industrial Machinery,"Glenview, Illinois",2/28/1986,49826
IR,Ingersoll-Rand PLC,reports,Industrials,Industrial Conglomerates,"Dublin, Ireland",,1466258
IRM,Iron Mountain Incorporated,reports,Industrials,Data Processing Services,"Boston, Massachusetts",,1020569
JEC,Jacobs Engineering Group,reports,Industrials,Industrial Conglomerates,"Pasadena, California",,52988
JOY,Joy Global Inc.,reports,Industrials,Industrial Machinery,"Milwaukee, Wisconsin",,801898
KSU,Kansas City Southern,reports,Industrials,Railroads,"Kansas City, Missouri",5/24/2013,54480
LLL,L-3 Communications Holdings,reports,Industrials,Industrial Conglomerates,"New York, New York",,1056239
LEG,Leggett & Platt,reports,Industrials,Industrial Conglomerates,"Carthage, Missouri",,58492
LMT,Lockheed Martin Corp.,reports,Industrials,Aerospace & Defense,"Bethesda, Maryland",7/31/1984,936468
MMM,3M Company,reports,Industrials,Industrial Conglomerates,"St. Paul, Minnesota",,66740
MAS,Masco Corp.,reports,Industrials,Building Products,"Taylor, Michigan",6/30/1981,62996
NLSN,Nielsen Holdings,reports,Industrials,Research & Consulting Services,"New York, New York",7/8/2013,1492633
NSC,Norfolk Southern Corp.,reports,Industrials,Railroads,"Norfolk, Virginia",,702165
NOC,Northrop Grumman Corp.,reports,Industrials,Aerospace & Defense,"West Falls Church, Virginia",6/30/1985,1133421
PCAR,PACCAR Inc.,reports,Industrials,Construction & Farm Machinery & Heavy Trucks,"Bellevue, Washington",12/31/1980,75362
PLL,Pall Corp.,reports,Industrials,Industrial Conglomerates,"Port Washington, New York",12/31/1987,75829
PH,Parker-Hannifin,reports,Industrials,Industrial Conglomerates,"Cleveland, Ohio",11/30/1985,76334
PNR,Pentair Ltd.,reports,Industrials,Industrial Conglomerates,"Schaffhausen, Switzerland",10/1/2012,77360
PBI,Pitney-Bowes,reports,Industrials,Office Services & Supplies,"Stamford, Connecticut",,78814
PCP,Precision Castparts,reports,Industrials,Industrial Conglomerates,"Portland, Oregon",,79958
PWR,Quanta Services Inc.,reports,Industrials,Industrial Conglomerates,"Houston, Texas",,1050915
RTN,Raytheon Co.,reports,Industrials,Aerospace & Defense,"Waltham, Massachusetts",,1047122
RSG,Republic Services Inc,reports,Industrials,Industrial Conglomerates,"Phoenix, Arizona",,1060391
RHI,Robert Half International,reports,Industrials,Industrial Conglomerates,"Menlo Park, California",,315213
ROK,Rockwell Automation Inc.,reports,Industrials,Industrial Conglomerates,"Milwaukee, Wisconsin",,1024478
COL,Rockwell Collins,reports,Industrials,Industrial Conglomerates,"Cedar Rapids, Iowa",,1137411
ROP,Roper Industries,reports,Industrials,Industrial Conglomerates,"Sarasota, Florida",,882835
R,Ryder System,reports,Industrials,Industrial Conglomerates,"Miami, Florida",12/31/1982,85961
LUV,Southwest Airlines,reports,Industrials,Airlines,"Dallas, Texas",7/1/1994,92380
SRCL,Stericycle Inc,reports,Industrials,Industrial Conglomerates,"Lake Forest, Illinois",,861878
TXT,Textron Inc.,reports,Industrials,Industrial Conglomerates,"Providence, Rhode Island",12/31/1978,217346
TYC,Tyco International,reports,Industrials,Industrial Conglomerates,"Schaffhausen, Switzerland",,833444
UNP,Union Pacific,reports,Industrials,Railroads,"Omaha, Nebraska",,100885
UPS,United Parcel Service,reports,Industrials,Air Freight & Logistics,"Atlanta, Georgia",,1090727
URI,"United Rentals, Inc.",reports,Industrials,Trading Companies & Distributors,"Stamford, Connecticut",9/20/2014,1215583
UTX,United Technologies,reports,Industrials,Industrial Conglomerates,"Hartford, Connecticut",,101829
WM,Waste Management Inc.,reports,Industrials,Environmental Services,"Houston, Texas",,823768
XYL,Xylem Inc.,reports,Industrials,Industrial Conglomerates,"White Plains, New York",,1524472
ACN,Accenture plc,reports,Information Technology,IT Consulting & Services,"Dublin, Ireland",,1467373
ADBE,Adobe Systems Inc,reports,Information Technology,Application Software,"San Jose, California",,796343
AKAM,Akamai Technologies Inc,reports,Information Technology,Internet Software & Services,"Cambridge, Massachusetts",,1086222
ADS,Alliance Data Systems,reports,Information Technology,Data Processing & Outsourced Services,"Plano, Texas",,1101215
ALTR,Altera Corp,reports,Information Technology,Semiconductors,"San Jose, California",,768251
ADI,"Analog Devices, Inc.",reports,Information Technology,Semiconductors,"Norwood, Massachusetts",,6281
AAPL,Apple Inc.,reports,Information Technology,Computer Hardware,"Cupertino, California",11/30/1982,320193
AMAT,Applied Materials Inc,reports,Information Technology,Semiconductor Equipment,"Santa Clara, California",,6951
ADSK,Autodesk Inc,reports,Information Technology,Application Software,"San Rafael, California",12/1/1989,769397
ADP,Automatic Data Processing,reports,Information Technology,Internet Software & Services,"Roseland, New Jersey",3/31/1981,8670
AVGO,Avago Technologies,reports,Information Technology,Semiconductors,"San Jose, California",5/8/2014,1441634
BRCM,Broadcom Corporation,reports,Information Technology,Semiconductors,"Irvine, California",,1054374
CA,"CA, Inc.",reports,Information Technology,Systems Software,"Islandia, New York",7/31/1987,356028
CSCO,Cisco Systems,reports,Information Technology,Networking Equipment,"San Jose, California",12/1/1993,858877
CTXS,Citrix Systems,reports,Information Technology,Internet Software & Services,"Fort Lauderdale, Florida",,877890
CTSH,Cognizant Technology Solutions,reports,Information Technology,IT Consulting & Services,"Teaneck, New Jersey",,1058290
CSC,Computer Sciences Corp.,reports,Information Technology,IT Consulting & Services,"Falls Church, Virginia",6/30/1981,23082
EBAY,eBay Inc.,reports,Information Technology,Internet Software & Services,"San Jose, California",,1065088
EA,Electronic Arts,reports,Information Technology,Application Software,"Redwood City, California",,712515
EMC,EMC Corp.,reports,Information Technology,IT Consulting & Services,"Hopkinton, Massachusetts",,790070
FFIV,F5 Networks,reports,Information Technology,Networking Equipment,"Seattle, Washington",,1048695
FB,Facebook,reports,Information Technology,Internet Software & Services,"Menlo Park, California",,1326801
FIS,Fidelity National Information Services,reports,Information Technology,Internet Software & Services,"Jacksonville, Florida",,1136893
FISV,Fiserv Inc,reports,Information Technology,Internet Software & Services,"Brookfield, Wisconsin",,798354
GOOGL,Google Inc Class A,reports,Information Technology,Internet Software & Services,"Mountain View, California",,1288776
GOOG,Google Inc Class C,reports,Information Technology,Internet Software & Services,"Mountain View, California",,1288776
HRS,Harris Corporation,reports,Information Technology,Telecommunications Equipment,"Melbourne, Florida",,202058
HPQ,Hewlett-Packard,reports,Information Technology,Computer Hardware,"Palo Alto, California",12/31/1974,47217
INTC,Intel Corp.,reports,Information Technology,Semiconductors,"Santa Clara, California",12/31/1976,50863
IBM,International Bus. Machines,reports,Information Technology,IT Consulting & Services,"Armonk, New York",,51143
INTU,Intuit Inc.,reports,Information Technology,Internet Software & Services,"Mountain View, California",12/5/2000,896878
JNPR,Juniper Networks,reports,Information Technology,Networking Equipment,"Sunnyvale, California",,1043604
KLAC,KLA-Tencor Corp.,reports,Information Technology,Semiconductor Equipment,"Milpitas, California",,319201
LRCX,Lam Research,reports,Information Technology,Semiconductor Equipment,"Fremont, California",,707549
LLTC,Linear Technology Corp.,reports,Information Technology,Semiconductors,"Milpitas, California",,791907
MA,Mastercard Inc.,reports,Information Technology,Internet Software & Services,"Harrison, New York",,1141391
MCHP,Microchip Technology,reports,Information Technology,Semiconductors,"Chandler, Arizona",,827054
MU,Micron Technology,reports,Information Technology,Semiconductors,"Boise, Idaho",9/27/1994,723125
MSFT,Microsoft Corp.,reports,Information Technology,Systems Software,"Redmond, Washington",6/1/1994,789019
MSI,Motorola Solutions Inc.,reports,Information Technology,Telecommunications Equipment,"Schaumburg, Illinois",,68505
NTAP,NetApp,reports,Information Technology,Internet Software & Services,"Sunnyvale, California",,1002047
NFLX,Netflix Inc.,reports,Information Technology,Internet Software & Services,"Los Gatos, California",,1065280
NVDA,Nvidia Corporation,reports,Information Technology,Semiconductors,"Santa Clara, California",,1045810
ORCL,Oracle Corp.,reports,Information Technology,Application Software,"Redwood Shores, California",8/31/1989,1341439
PAYX,Paychex Inc.,reports,Information Technology,Internet Software & Services,"Penfield, New York",,723531
QCOM,QUALCOMM Inc.,reports,Information Technology,Semiconductors,"San Diego, California",,804328
RHT,Red Hat Inc.,reports,Information Technology,Systems Software,"Raleigh, North Carolina",,1087423
CRM,Salesforce.com,reports,Information Technology,Internet Software & Services,"San Francisco, California",,1108524
SNDK,SanDisk Corporation,reports,Information Technology,Computer Storage & Peripherals,"Milpitas, California",,1000180
STX,Seagate Technology,reports,Information Technology,Computer Storage & Peripherals,"Dublin, Ireland",6/29/2012,1137789
SYMC,Symantec Corp.,reports,Information Technology,Application Software,"Mountain View, California",,849399
TEL,TE Connectivity Ltd.,reports,Information Technology,Electronic Equipment & Instruments,"Schaffhausen, Switzerland",,1385157
TDC,Teradata Corp.,reports,Information Technology,Application Software,"Miamisburg, Ohio",,816761
TXN,Texas Instruments,reports,Information Technology,Semiconductors,"Dallas, Texas",,97476
TSS,Total System Services,reports,Information Technology,Internet Software & Services,"Columbus, Georgia",,721683
VRSN,Verisign Inc.,reports,Information Technology,Internet Software & Services,"Dulles, Virginia",,1014473
V,Visa Inc.,reports,Information Technology,Internet Software & Services,"San Francisco, California",,1403161
WDC,Western Digital,reports,Information Technology,Computer Storage & Peripherals,"Irvine, California",,106040
WU,Western Union Co,reports,Information Technology,Internet Software & Services,"Englewood, Colorado",,1365135
XRX,Xerox Corp.,reports,Information Technology,IT Consulting & Services,"Norwalk, Connecticut",,108772
XLNX,Xilinx Inc,reports,Information Technology,Semiconductors,"San Jose, California",,743988
YHOO,Yahoo Inc.,reports,Information Technology,Internet Software & Services,"Sunnyvale, California",,1011006
APD,Air Products & Chemicals Inc,reports,Materials,Industrial Gases,"Allentown, Pennsylvania",4/30/1985,2969
ARG,Airgas Inc,reports,Materials,Industrial Gases,"Radnor, Pennsylvania",,804212
AA,Alcoa Inc,reports,Materials,Aluminum,"New York, New York",,4281
ATI,Allegheny Technologies Inc,reports,Materials,Diversified Metals & Mining,"Pittsburgh, Pennsylvania",12/31/1978,1018963
AVY,Avery Dennison Corp,reports,Materials,Paper Packaging,"Glendale, California",12/31/1987,8818
BLL,Ball Corp,reports,Materials,Metal & Glass Containers,"Broomfield, Colorado",10/31/1984,9389
BMS,Bemis Company,reports,Materials,Paper Packaging,"Neenah, Wisconsin",9/30/1978,11199
CF,CF Industries Holdings Inc,reports,Materials,Fertilizers & Agricultural Chemicals,"Deerfield, Illinois",,1324404
DOW,Dow Chemical,reports,Materials,Diversified Chemicals,"Midland, Michigan",,29915
DD,Du Pont (E.I.),reports,Materials,Diversified Chemicals,"Wilmington, Delaware",,30554
EMN,Eastman Chemical,reports,Materials,Diversified Chemicals,"Kingsport, Tennessee",1/1/1994,915389
ECL,Ecolab Inc.,reports,Materials,Specialty Chemicals,"St. Paul, Minnesota",1/31/1989,31462
FMC,FMC Corporation,reports,Materials,Diversified Chemicals,"Philadelphia, Pennsylvania",,37785
FCX,Freeport-McMoran Cp & Gld,reports,Materials,Diversified Metals & Mining,"Phoenix, Arizona",,831259
IP,International Paper,reports,Materials,Paper Products,"Memphis, Tennessee",,51434
IFF,Intl Flavors & Fragrances,reports,Materials,Specialty Chemicals,"New York, New York",3/31/1976,51253
LYB,LyondellBasell,reports,Materials,Diversified Chemicals,"Rotterdam, Netherlands",9/5/2012,1489393
MWV,MeadWestvaco Corporation,reports,Materials,Paper Packaging,"Richmond, Virginia",,1159297
MON,Monsanto Co.,reports,Materials,Fertilizers & Agricultural Chemicals,"Creve Coeur, Missouri",,1110783
MOS,The Mosaic Company,reports,Materials,Fertilizers & Agricultural Chemicals,"Plymouth, Minnesota",,1285785
NEM,Newmont Mining Corp. (Hldg. Co.),reports,Materials,Gold,"Denver, Colorado",6/30/1969,1164727
NUE,Nucor Corp.,reports,Materials,Steel,"Charlotte, North Carolina",4/30/1985,73309
OI,Owens-Illinois Inc,reports,Materials,Metal & Glass Containers,"Perrysburg, Ohio",,812074
PPG,PPG Industries,reports,Materials,Diversified Chemicals,"Pittsburgh, Pennsylvania",,79879
PX,Praxair Inc.,reports,Materials,Industrial Gases,"Danbury, Connecticut",7/1/1992,884905
SEE,Sealed Air Corp.(New),reports,Materials,Paper Packaging,"Elmwood Park, New Jersey",,1012100
SHW,Sherwin-Williams,reports,Materials,Specialty Chemicals,"Cleveland, Ohio",6/30/1964,89800
SIAL,Sigma-Aldrich,reports,Materials,Diversified Chemicals,"St. Louis, Missouri",9/1/1994,90185
MLM,Martin Marietta Materials,reports,Materials,Construction Materials,"Raleigh, North Carolina",7/2/2014,916076
VMC,Vulcan Materials,reports,Materials,Construction Materials,"Birmingham, Alabama",,1396009
T,AT&T Inc,reports,Telecommunications Services,Integrated Telecommunications Services,"Dallas, Texas",11/30/1983,732717
CTL,CenturyLink Inc,reports,Telecommunications Services,Integrated Telecommunications Services,"Monroe, Louisiana",,18926
FTR,Frontier Communications,reports,Telecommunications Services,Integrated Telecommunications Services,"Stamford, Connecticut",,20520
LVLT,Level 3 Communications,reports,Telecommunications Services,Alternative Carriers,"Broomfield, Colorado",11/5/2014,794323
VZ,Verizon Communications,reports,Telecommunications Services,Integrated Telecommunications Services,"New York, New York",11/30/1983,732712
WIN,Windstream Communications,reports,Telecommunications Services,Integrated Telecommunications Services,"Little Rock, Arkansas",,1282266
AES,AES Corp,reports,Utilities,Electric Utilities,"Arlington, Virginia",,874761
GAS,AGL Resources Inc.,reports,Utilities,Gas Utilities,"Atlanta, Georgia",,1004155
AEE,Ameren Corp,reports,Utilities,Multi-Utilities & Unregulated Power,"St. Louis, Missouri",9/19/1991,1002910
AEP,American Electric Power,reports,Utilities,Electric Utilities,"Columbus, Ohio",,4904
CNP,CenterPoint Energy,reports,Utilities,Multi-Utilities & Unregulated Power,"Houston, Texas",7/31/1985,1130310
CMS,CMS Energy,reports,Utilities,Multi-Utilities & Unregulated Power,"Jackson, Michigan",,811156
ED,Consolidated Edison,reports,Utilities,Multi-Utilities & Unregulated Power,"New York, New York",,1047862
D,Dominion Resources,reports,Utilities,Multi-Utilities & Unregulated Power,"Richmond, Virginia",,715957
DTE,DTE Energy Co.,reports,Utilities,Multi-Utilities & Unregulated Power,"Detroit, Michigan",,936340
DUK,Duke Energy,reports,Utilities,Electric Utilities,"Charlotte, North Carolina",6/30/1976,1326160
EIX,Edison Int'l,reports,Utilities,Multi-Utilities & Unregulated Power,"Rosemead, California",,827052
ETR,Entergy Corp.,reports,Utilities,Electric Utilities,"New Orleans, Louisiana",,65984
EXC,Exelon Corp.,reports,Utilities,Multi-Utilities & Unregulated Power,"Chicago, Illinois",,1109357
FE,FirstEnergy Corp,reports,Utilities,Multi-Utilities & Unregulated Power,"Akron, Ohio",,1031296
TEG,Integrys Energy Group Inc.,reports,Utilities,Gas Utilities,"Chicago, Illinois",,916863
NEE,NextEra Energy,reports,Utilities,Multi-Utilities & Unregulated Power,"Juno Beach, Florida",6/30/1976,753308
NI,NiSource Inc.,reports,Utilities,Multi-Utilities & Unregulated Power,"Merrillville, Indiana",,1111711
NU,Northeast Utilities,reports,Utilities,Multi-Utilities & Unregulated Power,"Berlin, Connecticut",,72741
NRG,NRG Energy,reports,Utilities,Multi-Utilities & Unregulated Power,"Princeton, New Jersey",2010-01-28[6],1013871
PCG,P G & E Corp.,reports,Utilities,Multi-Utilities & Unregulated Power,"San Francisco, California",,1004980
POM,Pepco Holdings Inc.,reports,Utilities,Multi-Utilities & Unregulated Power,Washington D.C,,1135971
PNW,Pinnacle West Capital,reports,Utilities,Multi-Utilities & Unregulated Power,"Phoenix, Arizona",,764622
PPL,PPL Corp.,reports,Utilities,Multi-Utilities & Unregulated Power,"Allentown, Pennsylvania",,922224
PEG,Public Serv. Enterprise Inc.,reports,Utilities,Multi-Utilities & Unregulated Power,"Newark, New Jersey",,788784
SCG,SCANA Corp,reports,Utilities,Multi-Utilities & Unregulated Power,"Cayce, South Carolina",,754737
SRE,Sempra Energy,reports,Utilities,Multi-Utilities & Unregulated Power,"San Diego, California",,1032208
SO,Southern Co.,reports,Utilities,Multi-Utilities & Unregulated Power,"Atlanta, Georgia",,92122
TE,TECO Energy,reports,Utilities,Multi-Utilities & Unregulated Power,"Tampa, Florida",,350563
WEC,Wisconsin Energy Corporation,reports,Utilities,Multi-Utilities & Unregulated Power,"Milwaukee, Wisconsin",,783325
XEL,Xcel Energy Inc,reports,Utilities,Multi-Utilities & Unregulated Power,"Minneapolis, Minnesota",,72903
